{"cameraMode":{"drawMode":0,"name":"Shaded","section":"Shading Mode"},"sceneLighting":false,"audioPlay":false,"sceneViewState":{"m_AlwaysRefresh":false,"showFog":true,"showSkybox":false,"showFlares":true,"showImageEffects":true,"showParticleSystems":true,"showVisualEffectGraphs":true,"m_FxEnabled":true},"in2DMode":false,"pivot":{"x":-4.679999828338623,"y":5.920000076293945,"z":-17.229999542236329},"rotation":{"x":0.013454888947308064,"y":0.9859389066696167,"z":-0.10245455801486969,"w":0.13189920783042909},"size":2.757549524307251,"orthographic":false}