{"cameraMode":{"drawMode":0,"name":"Shaded","section":"Shading Mode"},"sceneLighting":true,"audioPlay":false,"sceneViewState":{"m_AlwaysRefresh":false,"showFog":true,"showSkybox":true,"showFlares":true,"showImageEffects":true,"showParticleSystems":true,"showVisualEffectGraphs":true,"m_FxEnabled":true},"in2DMode":false,"pivot":{"x":1.5375311374664307,"y":4.1895246505737309,"z":-7.084027290344238},"rotation":{"x":0.07948664575815201,"y":0.8987944722175598,"z":-0.18315671384334565,"w":0.39042970538139346},"size":5.540542125701904,"orthographic":false}