{"cameraMode":{"drawMode":0,"name":"Shaded","section":"Shading Mode"},"sceneLighting":true,"audioPlay":false,"sceneViewState":{"m_AlwaysRefresh":false,"showFog":true,"showSkybox":true,"showFlares":true,"showImageEffects":true,"showParticleSystems":true,"showVisualEffectGraphs":true,"m_FxEnabled":true},"in2DMode":false,"pivot":{"x":1.6429474353790284,"y":5.7340288162231449,"z":2.507044792175293},"rotation":{"x":-0.07411862909793854,"y":0.11849400401115418,"z":-0.00884898193180561,"w":-0.9902092218399048},"size":12.679825782775879,"orthographic":false}