{"cameraMode":{"drawMode":0,"name":"Shaded","section":"Shading Mode"},"sceneLighting":true,"audioPlay":false,"sceneViewState":{"m_AlwaysRefresh":false,"showFog":true,"showSkybox":true,"showFlares":true,"showImageEffects":true,"showParticleSystems":true,"showVisualEffectGraphs":true,"m_FxEnabled":true},"in2DMode":false,"pivot":{"x":1.2298778295516968,"y":7.091121196746826,"z":1.3363478183746338},"rotation":{"x":0.026420902460813524,"y":0.9732392430305481,"z":-0.17439433932304383,"w":0.14739100635051728},"size":3.4138779640197756,"orthographic":false}