{"cameraMode":{"drawMode":0,"name":"Shaded","section":"Shading Mode"},"sceneLighting":true,"audioPlay":false,"sceneViewState":{"m_AlwaysRefresh":false,"showFog":true,"showSkybox":true,"showFlares":true,"showImageEffects":true,"showParticleSystems":true,"showVisualEffectGraphs":true,"m_FxEnabled":true},"in2DMode":false,"pivot":{"x":-0.28975462913513186,"y":3.2498574256896974,"z":6.763694763183594},"rotation":{"x":-0.1752462089061737,"y":0.14823569357395173,"z":-0.02671990916132927,"w":-0.9729568958282471},"size":9.428510665893555,"orthographic":false}