{"cameraMode":{"drawMode":0,"name":"Shaded","section":"Shading Mode"},"sceneLighting":true,"audioPlay":false,"sceneViewState":{"m_AlwaysRefresh":false,"showFog":true,"showSkybox":true,"showFlares":true,"showImageEffects":true,"showParticleSystems":true,"showVisualEffectGraphs":true,"m_FxEnabled":true},"in2DMode":false,"pivot":{"x":-5.6740336418151859,"y":8.194074630737305,"z":-1.5090166330337525},"rotation":{"x":0.007612962741404772,"y":0.9921501874923706,"z":-0.08357305824756623,"w":0.09352435171604157},"size":3.5836899280548097,"orthographic":false}