{"cameraMode":{"drawMode":0,"name":"Shaded","section":"Shading Mode"},"sceneLighting":true,"audioPlay":false,"sceneViewState":{"m_AlwaysRefresh":false,"showFog":true,"showSkybox":true,"showFlares":true,"showImageEffects":true,"showParticleSystems":true,"showVisualEffectGraphs":true,"m_FxEnabled":true},"in2DMode":false,"pivot":{"x":-0.42429447174072268,"y":2.088967800140381,"z":0.4047603905200958},"rotation":{"x":0.12423854321241379,"y":-0.23054693639278413,"z":0.029804032295942308,"w":0.9646707773208618},"size":7.390559196472168,"orthographic":false}