{"cameraMode":{"drawMode":0,"name":"Shaded","section":"Shading Mode"},"sceneLighting":true,"audioPlay":false,"sceneViewState":{"m_AlwaysRefresh":false,"showFog":true,"showSkybox":true,"showFlares":true,"showImageEffects":true,"showParticleSystems":true,"showVisualEffectGraphs":true,"m_FxEnabled":true},"in2DMode":false,"pivot":{"x":0.18785889446735383,"y":9.074841499328614,"z":2.276869535446167},"rotation":{"x":-0.13895152509212495,"y":0.31974950432777407,"z":-0.047327183187007907,"w":-0.936169445514679},"size":2.339181661605835,"orthographic":false}